course_number,title,department,hours_lecture,hours_lab,hours_recitation,hours_total_credit,typical_scheduling,description,prerequisites_text_raw,must_have_prerequisites_array,optional_prerequisites_array,course_text,topic_outline,url
1113,,MATH,3,0.0,2.0,4.0,"Every semesterAnalytic geometry, the function concept, polynomials, exponential, logarithms, trigonometric functions, mathematical induction, the theory of equations",,Math 1111 with a minimum grade of D or Math SAT Section Score (new SAT) of 530 or ACT score of 21.,[],[],"Precalculus: A Unit Circle Approach, 3rd edition, by Ratti, McWaters, and Skrzypek",[],https://math.gatech.edu/courses/math/1113
1111,,MATH,4,0.0,0.0,4.0,"Every semesterStudy of the properties of algebraic, exponential, and logarithmic functions as needed for pre-calculus and calculus",,None.,[],[],College Algebra by Robert Blitzer,[],https://math.gatech.edu/courses/math/1111
1503,,MATH,3,0.0,2.0,4.0,"Every Fall SemesterSingle variable differential and integral calculus: sequences and difference equations, limit and continuity, differentiation and integration and applications",The topics covered parallel those of MATH 1501 but the applications and examples are drawn from life sciences instead of physical sciences.,"Math SAT score 600 or higher, or converted ACT Math 600 or higher, or MATH 1113 Precalculus minimum grade of D.",[],['MATH 1113'],"The text book to be followed is one such as Calculus for Biology and Medicine, by Neuhauser (Third Edition); Pearson Education, Inc., 2010.",[],https://math.gatech.edu/courses/math/1503
1501,,MATH,3,0.0,2.0,4.0,Not offered after Summer 2015See MATH 1551 and new math core for Fall 2015,"Differential calculus and basic integral calculus including the fundamental theorem of calculus, including the underlying theory of limits for functions and sequences.","Math SAT score of 600 or higher, or MATH 1113 Precalculus.
New Math Core Fall 2015.",[],['MATH 1113'],"Thomas' Calculus (Early Transcendentals), 13th Edition, Pearson.
Flow chart describing textbook choices for fall 2015.",[],https://math.gatech.edu/courses/math/1501
1504,,MATH,3,0.0,2.0,4.0,"Every Spring SemesterTaylor approximations, introduction to differential equations, linear algebra and introduction to multivariable calculus",Motivating examples drawn from life sciences.,MATH 1503 or MATH 1501 or MATH 1511 or MATH 15X1.,[],"['MATH 1503', 'MATH 1501', 'MATH 1511']","The text book to be followed is one such as Calculus for Biology and Medicine, by Neuhauser (Third Edition); Pearson Education, Inc., 2010",[],https://math.gatech.edu/courses/math/1504
1512,,MATH,3,0.0,2.0,4.0,Every fallThis course is designed for students who have had a serious single variable calculus course in high school,,"HP Section - for Honors Program students only
Non-HP Section - AP Calculus BC score of 5, must apply in July",[],[],TBA,[],https://math.gatech.edu/courses/math/1512
1551,,MATH,2,0.0,1.0,2.0,Every SemesterDifferential calculus including applications and the underlying theory of limits for functions and sequences,,Math SAT Section Score (new SAT) of 620 or ACT 26 or ACT equivalent 600 or MATH 1113 Precalculus.,[],['MATH 1113'],"Thomas, Calculus: Early Transcendentals, (14th ed.)
Flow chart describing textbook choices for Fall 2019.",[],https://math.gatech.edu/courses/math/1551
1550,,MATH,3,0.0,0.0,3.0,Every SummerAn introduction to differential calculus including the theory of limits for functions and sequences (only for Summer Freshmen),,SAT Math score of 600 or Math SAT Section Score (new SAT) of 620 or ACT 26 or ACT equivalent 600 or MATH 1113 Precalculus.,[],['MATH 1113'],"Thomas, Calculus: Early Transcendentals, (14th ed.)",[],https://math.gatech.edu/courses/math/1550
1552,,MATH,3,0.0,2.0,4.0,"Every SemesterDefinite and indefinite integrals, techniques of integration, improper integrals, infinite series, applications",,MATH 1550 or MATH 1551 or MATH 1501 or MATH 15X1 or MATH 1X51.,[],"['MATH 1550', 'MATH 1551', 'MATH 1501']","Thomas, Calculus: Early Transcendentals, (14th ed.)
Flow chart describing textbook choices for Fall 2019.",[],https://math.gatech.edu/courses/math/1552
1553,,MATH,2,0.0,1.0,2.0,"Every SemesterAn introduction to linear algebra through eigenvalues and eigenvectors, applications to linear systems, least squares",,"Math SAT Section Score (new SAT) of 620 or ACT 26 or ACT equivalent 600 or MATH 1113 Precalculus or 15X2 or 1X52 or MATH 1552 Integral Calculus.
MATH 1553, MATH 1554, and MATH 1564 are equivalent and only one can be taken for credit.",[],"['MATH 1113', 'MATH 1552', 'MATH 1553', 'MATH 1554', 'MATH 1564']","Linear Algebra and Its Applications, 5th Edition, by David C. Lay.
Flow chart describing textbook choices for Fall 2019.",[],https://math.gatech.edu/courses/math/1553
1554,,MATH,3,0.0,2.0,4.0,"Every SemesterLinear algebra through eigenvalues, eigenvectors, applications to linear systems, least squares, diagonalization, quadratic forms",,"Math SAT Section Score (new SAT) of 620 or ACT 26 or ACT equivalent 600 or MATH 1113 Precalculus or 15X2 or 1X52 or MATH 1552 Integral Calculus.
MATH 1553, MATH 1554, and MATH 1564 are equivalent and only one can be taken for credit.
Note: MATH 4305 cannot be used for credit in the BS MTH degree.","['MATH 1564', 'MATH 4305']","['MATH 1113', 'MATH 1552', 'MATH 1553', 'MATH 1554']","Linear Algebra and Its Applications, 5th Edition, by David C. Lay.
Flow chart describing textbook choices for Fall 2019.",[],https://math.gatech.edu/courses/math/1554
1555,,MATH,3,0.0,2.0,4.0,"Not Currently OfferedOverview of integral calculus, multivariable calculus, and differential equations for biological sciences",,MATH 1550 or MATH 1551 or MATH 1501 or MATH 15X1 or MATH 1X51,[],"['MATH 1550', 'MATH 1551', 'MATH 1501']","On the level of Calculus for Biology and Medicine, by Neuhauser (3d Ed); Pearson, 2010",[],https://math.gatech.edu/courses/math/1555
1564,,MATH,3,0.0,2.0,4.0,"Every FallThis is an intensive course on linear algebra, taught at a sophisticated and abstract level",,"Score of 5 in AP BC Calculus or A in MATH 1552 or equivalent or permission from Academic Office.
MATH 1553, MATH 1554, and MATH 1564 are equivalent and only one can be taken for credit.
Note: MATH 4305 cannot be used for credit in the BS MTH degree.","['MATH 1564', 'MATH 4305']","['MATH 1552', 'MATH 1553', 'MATH 1554']","Linear Algebra by Jim Hefferon, available for free online.",[],https://math.gatech.edu/courses/math/1564
1711,,MATH,3,0.0,2.0,4.0,"Every semesterLinear equations, matrices, linear programming, sets and counting, probability and statistics",,"Math SAT Section Score (new SAT) of 570 or ACT 24 or ACT equivalent 550, or MATH 1113 Precalculus.",[],['MATH 1113'],"At the level of Finite Mathematics & Its Applications, Goldstein, Scheider, Seigel, Prentice Hall",[],https://math.gatech.edu/courses/math/1711
1712,,MATH,3,0.0,2.0,4.0,"Every Fall and SpringFunctions, the derivative, applications of the derivative, techniques of differentiation, integration, applications of integration to probability and statistics, multidimensional calculus",,"Math SAT Section Score (new SAT) of 570 or ACT 24 or ACT equivalent 550, or MATH 1113 Precalculus.",[],['MATH 1113'],"At the level of Calculus and Its Applications, 10th edition, by Bittinger/Ellenbogen/Surgent, Addison-Wesley.",[],https://math.gatech.edu/courses/math/1712
2106,,MATH,3,0.0,0.0,3.0,"Fall and Spring semestersAn introduction to proofs in advanced mathematics, intended as a transition to upper division courses including MATH 4107, 4150 and 4317","Fundamentals of mathematical abstraction including sets, logic, equivalence relations, and functions. Thorough development of the basic proof techniques: direct, contrapositive, existence, contradiction, and induction. Introduction to proofs in analysis and algebra.",MATH 1502 or MATH 1512 or MATH 1504 or MATH 1555 or ((MATH 1552 or MATH 15X2 or MATH 1X52) and (MATH 1553 or MATH 1554 or MATH 1564 or MATH 1522 or MATH 1X53)),[],"['MATH 1502', 'MATH 1512', 'MATH 1504', 'MATH 1555', 'MATH 1552', 'MATH 1553', 'MATH 1554', 'MATH 1564', 'MATH 1522']","At the level of:
Book of Proof (3rd edition), by Richard Hammack 
Abstract Algebra: Theory and Applications (2019 edition), by Thomas Judson 
Elementary Analysis: The Theory of Calculus, by Kenneth Ross",[],https://math.gatech.edu/courses/math/2106
2406,,MATH,3,0.0,0.0,3.0,"Not regularly scheduledA thorough development of the theory of linear algebra and an introduction to multilinear algebra, with selected applications",,MATH 1502,['MATH 1502'],[],"At the level of Linear Algebra by Apostol, Wiley",[],https://math.gatech.edu/courses/math/2406
2550,,MATH,2,0.0,0.0,2.0,"Every SemesterAn introduction to multivariable calculus through vectors in 3D, curves, functions of several variables, partial derivatives, min/max problems, multiple integration",Vector Calculus not covered.,MATH 1502 OR MATH 1512 OR MATH 1555 OR MATH 1504 ((MATH 1552 OR MATH 15X2 OR MATH 1X52) AND (MATH 1522 OR MATH 1553 OR MATH 1554 OR MATH 1564 OR MATH 1X53)),[],"['MATH 1502', 'MATH 1512', 'MATH 1555', 'MATH 1504', 'MATH 1552', 'MATH 1522', 'MATH 1553', 'MATH 1554', 'MATH 1564']","At the level of Thomas, Calculus: Early Transcendentals, (14th ed.) Pearson.
Flow chart describing textbook choices for Fall 2019.",[],https://math.gatech.edu/courses/math/2550
2551,,MATH,3,0.0,2.0,4.0,"Every SemesterLinear approximation and Taylor’s theorems, Lagrange multiples and constrained optimization, multiple integration and vector analysis including the theorems of Green, Gauss, and Stokes",,"MATH 1502 OR MATH 1512 OR MATH 1555 OR MATH 1504 ((MATH 1552 OR MATH 15X2 OR MATH 1X52) AND (MATH 1522 OR MATH 1553 OR MATH 1554 OR MATH 1564 OR MATH 1X53))
Equivalent to MATH 2401.",[],"['MATH 1502', 'MATH 1512', 'MATH 1555', 'MATH 1504', 'MATH 1552', 'MATH 1522', 'MATH 1553', 'MATH 1554', 'MATH 1564', 'MATH 2401']","Thomas, Calculus: Early Transcendentals, (14th ed.)
Flow chart describing textbook choices for Fall 2019.",[],https://math.gatech.edu/courses/math/2551
2552,,MATH,3,0.0,2.0,4.0,Every SemesterMethods for obtaining numerical and analytic solutions of elementary differential equations,Applications are also discussed with an emphasis on modeling.,"MATH 1502 OR MATH 1512 OR MATH 1555 OR MATH 1504 ((MATH 1552 OR MATH 15X2 OR MATH 1X52) AND (MATH 1522 OR MATH 1553 OR MATH 1554 OR MATH 1564 OR MATH 1X53))
Equivalent to MATH 2403.",[],"['MATH 1502', 'MATH 1512', 'MATH 1555', 'MATH 1504', 'MATH 1552', 'MATH 1522', 'MATH 1553', 'MATH 1554', 'MATH 1564', 'MATH 2403']","Differential Equations: An Introduction to Modern Methods & Applications, by James R. Brannan and William E. Boyce (Third edition); John Wiley and Sons, Inc.",[],https://math.gatech.edu/courses/math/2552
2561,,MATH,3,0.0,2.0,4.0,Most Spring SemestersThe topics covered parallel those of MATH 2551 with a somewhat more intensive and rigorous treatment,,"Grade at least B in the following:
MATH 1502 OR MATH 1512 OR MATH 1555 OR MATH 1504 ((MATH 1552 OR MATH 15X2 OR MATH 1X52) AND (MATH 1522 OR MATH 1553 OR MATH 1554 OR MATH 1564 OR MATH 1X53)).
If you are currently taking the perequisite course in the fall, you may register for this course during Phase I of registration. In December, we will drop any students in MATH 2561 who make C, D or F in the prerequisite course.",[],"['MATH 1502', 'MATH 1512', 'MATH 1555', 'MATH 1504', 'MATH 1552', 'MATH 1522', 'MATH 1553', 'MATH 1554', 'MATH 1564', 'MATH 2561']","Vector Calculus, by Susan Colley (Fourth Edition), Pearson 2012",[],https://math.gatech.edu/courses/math/2561
2562,,MATH,3,0.0,2.0,4.0,Some Fall SemestersThe topics covered parallel those of MATH 2552 with a somewhat more intensive and rigorous treatment,,"Grade at least B in the following:
MATH 1502 OR MATH 1512 OR MATH 1555 OR MATH 1504 ((MATH 1552 OR MATH 15X2 OR MATH 1X52) AND (MATH 1522 OR MATH 1553 OR MATH 1554 OR MATH 1564 OR MATH 1X53))",[],"['MATH 1502', 'MATH 1512', 'MATH 1555', 'MATH 1504', 'MATH 1552', 'MATH 1522', 'MATH 1553', 'MATH 1554', 'MATH 1564']","Differential Equations: An Introduction to Modern Methods & Applications, by James R. Brannan and William E. Boyce (second edition); John Wiley and Sons, Inc.",[],https://math.gatech.edu/courses/math/2562
2603,,MATH,3,0.0,2.0,4.0,"Every SemesterMathematical logic and proof, mathematical induction, counting methods, recurrence relations, algorithms and complexity, graph theory and graph algorithms",,"MATH 1552 or MATH 1502 or MATH 1512 or MATH 15X2.
This course is equivalent to MATH 2602.",[],"['MATH 1552', 'MATH 1502', 'MATH 1512', 'MATH 2602']","Discrete Mathematics with Graph Theory, Goodaire and Parmenter, 3rd edition",[],https://math.gatech.edu/courses/math/2603
2605,,MATH,3,0.0,2.0,4.0,"Not regularly scheduledTopics in linear algebra and multivariate calculus and their applications in optimization and numerical methods, including curve fitting, interpolation, and numerical differentiation and integration",,MATH 1502 or MATH 1512 or (Math 15X2 + MATH 1522),[],"['MATH 1502', 'MATH 1512', 'MATH 1522']","Level of Thomas' Calculus, Early Transcendentals, by Thomas, Weir, Haas (13th Edition) Addison Wesley, Inc. 2009, [Thomas]; Web-notes: Linear Algebra for MATH2601; Theory [Notes:Th]; Web-notes: Linear Alg. for MATH2601; Numerical Methods [Notes:Num]. Web-notes
Flow chart describing textbook choices for fall 2015.",[],https://math.gatech.edu/courses/math/2605
2801,,MATH,1,,,1.0,,,"There are no pre-requisites for this course. The intended audience is math majors in their second semester here, and the course is restricted to math majors.",[],[],"No text required. The course will be structured around primarily discussions of readings outside class, peer review of assignment drafts, and presentations including a poster session at the end of the semester.",[],https://math.gatech.edu/courses/math/2801
3012,,MATH,3,0.0,0.0,3.0,"Every semesterElementary combinatorial techniques used in discrete problem solving: counting methods, solving linear recurrences, graph and network models, related algorithms, and combinatorial designs",,"MATH 1502 OR MATH 1512 OR MATH 1555 OR MATH 1504 ((MATH 1552 OR MATH 15X2 OR MATH 1X52) AND (MATH 1522 OR MATH 1553 OR MATH 1554 OR MATH 1564 OR MATH 1X53))
CS students should complete CS 2050 before taking MATH 3012.",[],"['MATH 1502', 'MATH 1512', 'MATH 1555', 'MATH 1504', 'MATH 1552', 'MATH 1522', 'MATH 1553', 'MATH 1554', 'MATH 1564', 'CS 2050', 'MATH 3012']",At the level of Discrete and Combinatorial Mathematics (5th edition) by Grimaldi,[],https://math.gatech.edu/courses/math/3012
3215,,MATH,3,0.0,0.0,3.0,"Every semesterThis course is a problem oriented introduction to the basic concepts of probability and statistics, providing a foundation for applications and further study","MATH 3215, MATH 3235, and MATH 3670 are mutually exclusive; students may not hold credit for more than one of these courses.",MATH 2401 or MATH 24X1 or MATH 2411 or MATH 2551 or MATH 2561 or MATH 2550 or MATH 2X51 or MATH 2605.,[],"['MATH 2401', 'MATH 2411', 'MATH 2551', 'MATH 2561', 'MATH 2550', 'MATH 2605']","At the level of Probability and Statistical Inference, Hogg and Tanis, 9th edition, Pearson",[],https://math.gatech.edu/courses/math/3215
3225,,MATH,3,0.0,0.0,3.0,"Not currently offeredThe topics covered parallel those of MATH 3215, with a more rigorous and intensive treatment",Credit is not allowed for both MATH 3215 and 3225.,"You must have B or higher in MATH 2401, MATH 2411, or MATH 2605 or MATH 2551 or MATH 2561 to be enrolled in this course.  If you are in one of the above courses in the spring or summer term, you may register for MATH 3225 during Phase I of registration. In early August, we will drop any students in 3225 (fall term) who make C, D, or F in 2401, 2411, 2605, 2551 or 2561 in the spring or summer term.","['MATH 2401', 'MATH 2411', 'MATH 2605', 'MATH 2551', 'MATH 2561']",['MATH 3225'],"At the level of Probability and Statistical Inference, Hogg and Tanis, 8th edition",[],https://math.gatech.edu/courses/math/3225
3235,,MATH,3,0.0,0.0,3.0,"Fall and Spring Semesters; Some SummersThis course is a mathematical introduction to probability theory, covering random variables, moments, multivariate distributions, law of large numbers, central limit theorem, and large deviations","MATH 3215, MATH 3235, and MATH 3670 are mutually exclusive; students may not hold credit for more than one of these courses.",(MATH 2551 or MATH 2X51 or MATH 2561 or MATH 2401 or MATH 24X1 or MATH 2411 or MATH 2605 or MATH 2550) AND (MATH 2106 or CS 2051 or MATH 3012),[],"['MATH 2551', 'MATH 2561', 'MATH 2401', 'MATH 2411', 'MATH 2605', 'MATH 2550', 'MATH 2106', 'CS 2051', 'MATH 3012']","G. Grimmett and D. Welsh, Probability: An Introduction.",[],https://math.gatech.edu/courses/math/3235
3236,,MATH,3,0.0,0.0,3.0,Spring SemesterThis course is an introduction to theoretical statistics for students with a background in probability,A mathematical formalism for inference on experimental data will be developed.,MATH 3235 Introduction to Probability,['MATH 3235'],[],"M. H. De Groot, Probability and Statistics, 3rd edition",[],https://math.gatech.edu/courses/math/3236
3406,,MATH,3,0.0,0.0,3.0,"Every Spring and Fall Semesters; Some SummersThis course will cover important topics in linear algebra not usually discussed in a first-semester course, featuring a mixture of theory and applications",,MATH 1553 or MATH 1554 or MATH 1564 or MATH 1502 or MATH 1512 or MATH 1522 or MATH 1X53,[],"['MATH 1553', 'MATH 1554', 'MATH 1564', 'MATH 1502', 'MATH 1512', 'MATH 1522']","Primary text: ""Linear Algebra Done Right"", 3rd edition, by Sheldon Axler
Supplemental text: ""Introduction to Linear Algebra"", 4th edition, by Gilbert Strang (a course packet option will be available for students who do not wish to buy the entire textbook)",[],https://math.gatech.edu/courses/math/3406
3670,,MATH,3,0.0,0.0,3.0,"Every SemesterIntroduction to probability, probability distributions, point estimation, confidence intervals, hypothesis testing, linear regression and analysis of variance","MATH 3215, MATH 3235, and MATH 3670 are mutually exclusive; students may not hold credit for more than one of these courses.",MATH 2401 or MATH 24X1 or MATH 2411 or MATH 2551 or MATH 2550 or MATH 2X51,[],"['MATH 2401', 'MATH 2411', 'MATH 2551', 'MATH 2550']","Introduction to Probability and Statistics for Engineers and Scientists, 5th edition, by Sheldon M. Ross",[],https://math.gatech.edu/courses/math/3670
4012,,MATH,3,0.0,0.0,3.0,"no regular scheduleIntroduction to linear error correcting codes with an emphasis on the algebraic tools required, including matrices, vector spaces, groups, polynomial rings, and finite fields",,MATH 1502,['MATH 1502'],[],No text,[],https://math.gatech.edu/courses/math/4012
4022,,MATH,3,0.0,0.0,3.0,"Every fall semesterThe fundamentals of graph theory: trees, connectivity, Euler torus, Hamilton cycles, matchings, colorings and Ramsey theory",,MATH 3012 or equivalent,[],['MATH 3012'],No text,[],https://math.gatech.edu/courses/math/4022
4032,,MATH,3,0.0,0.0,3.0,"Every spring semesterCombinatorial problem-solving techniques including the use of generating functions, recurrence relations, Polya theory, combinatorial designs, Ramsey theory, matroids, and asymptotic analysis",,MATH 3012 or equivalent,[],['MATH 3012'],"At the level of Cameron, Combinatorics: Topics, Techniques, Algorithms, Peter Cameron, Cambridge Univ. Press",[],https://math.gatech.edu/courses/math/4032
4080,,MATH,1,0.0,3.0,2.0,Every fall and spring semestersThe first of a two course sequence of faculty-directed independent research culminating in the writing of a senior thesis and its presentation,,MATH 3012,['MATH 3012'],[],No text,[],https://math.gatech.edu/courses/math/4080
4090,,MATH,1,0.0,3.0,2.0,Every fall and spring semestersThe second of a two course sequence of faculty-directed independent research culminating in the writing of a senior thesis and its presentation,,MATH 3012,['MATH 3012'],[],No text,[],https://math.gatech.edu/courses/math/4090
4107,,MATH,3,0.0,0.0,3.0,"Every fall and spring semesterThis course develops in the theme of ""Arithmetic congruence, and abstract algebraic structures",""" There will be a very strong emphasis on theory and proofs.",MATH 2406 or MATH 2106,[],"['MATH 2406', 'MATH 2106']","Suggested text book: Abstract Algebra, An Introduction, by T. Hungerford",[],https://math.gatech.edu/courses/math/4107
4108,,MATH,3,0.0,0.0,3.0,"Every springContinuation of Abstract Algebra I, with emphasis on Galois theory, modules, polynomial fields, and the theory of linear associative algebra",,MATH 4107,['MATH 4107'],[],No text,[],https://math.gatech.edu/courses/math/4108
4150,,MATH,3,0.0,0.0,3.0,"Every spring semester, some fall semestersPrimes and unique factorization, congruences, Chinese remainder theorem, Diophantine equations, Diophantine approximations, quadratic reciprocity","Applications such as fast multiplication, factorization and encryption.",MATH 2406 or MATH 2106 or CS 3510 or CS 3511,[],"['MATH 2406', 'MATH 2106', 'CS 3510', 'CS 3511']","At the level of Elementary Number Theory and Its Applications, Kenneth H. Rosen, 5th ed. Pearson/Addison Wesley",[],https://math.gatech.edu/courses/math/4150
4210,,MATH,3,0.0,0.0,3.0,"Every FallModern data science methods and the mathematical foundations: linear regression, classification and clustering, kernel methods, regression trees and ensemble methods, dimension reduction",,"Calculus I and II: Math 1551 and Math 1552; and Linear algebra, such as 1553 or 1554 or 1564; and Probability, such as Math 3215, 3225, 3235, 3670.",[],[],"James, Gareth, Daniela Witten, Trevor Hastie and Robert Tibshirani, An introduction to statistical learning. 2nd edition, available online",[],https://math.gatech.edu/courses/math/4210
4221,,MATH,3,0.0,0.0,3.0,"Typically every fall semesterSimple random walk and the theory of discrete time Markov chains
Prerequisites: MATH 3215 or MATH 3225 or MATH 3235 or MATH 3670 or MATH 3770 or ISYE 3770 or CEE 3770
Course Text: At the level of Introduction to Stochastic Processes, Lawler, 2nd edition or Introduction to Probability Models, Ross, 10th edition
Topic Outline: 
Simple random walk
Applications of weak law and central limit theorem
Reflection principle and combinatorial approach
Techniques including difference equations and generating functions
Gambler's ruin and expected gain problems
Markov Chains

Conditional probability and conditional expectation
Renewal theory with limit theorems
Markov chains using renewal theory
Finite state space and matrix approach
Countable state spaces with examples and applications
Absorption probabilities
Sojourn times, expected duration, etc","Limiting and stationary distributions Reversibility and applications Introduction to continuous state, discrete time, Markov processes Applications to IFS",MATH 3215 or MATH 3225 or MATH 3235 or MATH 3670 or MATH 3770 or ISYE 3770 or CEE 3770,[],"['MATH 3215', 'MATH 3225', 'MATH 3235', 'MATH 3670', 'MATH 3770', 'ISYE 3770', 'CEE 3770']","At the level of Introduction to Stochastic Processes, Lawler, 2nd edition or Introduction to Probability Models, Ross, 10th edition",[],https://math.gatech.edu/courses/math/4221
4222,,MATH,3,0.0,0.0,3.0,"Not currently offeredRenewal theory, Poisson processes and continuous time Markov processes, including an introduction to Brownian motion and martingales
Prerequisites: MATH 4221
Course Text: At the level of Introduction to Stochastic Processes, Lawler, 2nd edition or Introduction to Probability Models, Ross, 10th edition
Topic Outline: 
Introduction to Renewal Theory Renewal Theorem, Wald's Theorem, applications in random walk and use of generating functions especially for nonsymmetric walks
Introduction to counting processes especially the Poisson process Renewal counting process and renewal time process
Continuous time Markov chains (jump processes) Birth and death process Reversed process and applications Brownian motion (Wiener process) Introduction to second order theory Transformation of Gaussian processes Stochastic differential equations Introduction to martingales",,MATH 4221,['MATH 4221'],[],"At the level of Introduction to Stochastic Processes, Lawler, 2nd edition or Introduction to Probability Models, Ross, 10th edition",[],https://math.gatech.edu/courses/math/4222
4255,,MATH,3,0.0,0.0,3.0,"no regular scheduleTopics include uniform random number generation, sampling from non-uniform distributions, and applications to stochastic simulation, simulated annealing and genetic algorithms",A review of basic probability and Markov chains makes the course largely self-contained.,MATH 3215 or MATH 3225 or MATH 3235 or MATH 3770 or ISYE 3770 or CEE 3770,[],"['MATH 3215', 'MATH 3225', 'MATH 3235', 'MATH 3770', 'ISYE 3770', 'CEE 3770']",No text,[],https://math.gatech.edu/courses/math/4255
4261,,MATH,3,0.0,0.0,3.0,"Every fall semesterSampling distributions, Normal, t, chi-square and F distributions","Moment generating function methods, Bayesian estimation and introduction to hypothesis testing",MATH 3215 or MATH 3225 or MATH 3235 or MATH 3670 or MATH 3770 or ISyE 3770 or CEE 3700,[],"['MATH 3215', 'MATH 3225', 'MATH 3235', 'MATH 3670', 'MATH 3770', 'CEE 3700']","At the level of Introduction to Mathematical Statistics, 7th edition by Hogg, Craig, and McKean",[],https://math.gatech.edu/courses/math/4261
4262,,MATH,3,0.0,0.0,3.0,"Every spring semesterHypothesis testing, likelihood ratio tests, nonparametric tests, bivariate and multivariate normal distributions
Prerequisites: MATH 4261
Course Text: At the level of Introduction to Mathematical Statistics, 7th edition by Hogg, Craig, and McKean
Topic Outline: 
Sufficient statistics
Completeness and uniqueness
Rao-Blackwell theorem and Lehmann-Scheffe theorem and the Cramer-Rao inequality
Likelihood ratio tests and Wald's probability ratio test
Multi-hypothesis testing and classification theory
Non parametric tests including the sign test and Wilcoxon-Mann-Whitney test
Bivariate and multivariate normal distributions, distributions of quadratic forms",,MATH 4261,['MATH 4261'],[],"At the level of Introduction to Mathematical Statistics, 7th edition by Hogg, Craig, and McKean",[],https://math.gatech.edu/courses/math/4262
4280,,MATH,3,0.0,0.0,3.0,Every spring semesterThe measurement and quantification of information,These ideas are applied to the probabilistic analysis of the transmission of information over a channel along which random distortion of the message occurs.,MATH 3215 or MATH 3225 or MATH 3235 or MATH 3670 or MATH 3770 or ISyE 3770 or CEE 3700,[],"['MATH 3215', 'MATH 3225', 'MATH 3235', 'MATH 3670', 'MATH 3770', 'CEE 3700']","At the level of The Theory of Information and Coding, McEliece; or Information Theory, Ash",[],https://math.gatech.edu/courses/math/4280
4305,,MATH,3,0.0,0.0,3.0,"Every Fall and Spring; Some SummersLinear algebra in R^n, standard Euclidean inner product in R^n, general linear spaces, general inner product spaces, least squares, determinants, eigenvalues and eigenvectors, symmetric matrices",,MATH 1502 OR MATH 1512 OR MATH 1555 OR MATH 1504 ((MATH 1552 OR MATH 15X2 OR MATH 1X52) AND (MATH 1522 OR MATH 1553 OR MATH 1554 OR MATH 1564 OR MATH 1X53)),[],"['MATH 1502', 'MATH 1512', 'MATH 1555', 'MATH 1504', 'MATH 1552', 'MATH 1522', 'MATH 1553', 'MATH 1554', 'MATH 1564']","At the level of Linear Algebra with Applications, Bretscher",[],https://math.gatech.edu/courses/math/4305
4317,,MATH,3,0.0,0.0,3.0,"Every Spring and Fall semester, some SummersReal numbers, topology of Euclidean spaces, Cauchy sequences, completeness, continuity and compactness, uniform continuity, series of functions, Fourier series
Prerequisites: MATH 2106
Course Text: At the level of Elements of Real Analysis, Bartle (Sections 1-12, 14-18, 20-26, 34-38)

or Introduction to Analysis, Rosenlicht (Chapters 1, 2, 3, 4, Sections 7","2, 7.3) Topic Outline: Upper bounds, least upper bounds, completeness of the real numbers. Topology of Euclidean spaces: norms, the Cauchy-Schwarz inequality, open and closed sets, compactness, the Bolzano-Weierstrass and Heine-Borel theorems and connectedness. Sequences in Euclidean spaces: Cauchy sequences, monotone sequences, pointwise, uniform and L2 convergence of sequences of functions Continuity: Local properties of continuous functions. Preservation of compactness and connectedness. Uniform continuity. Contractions and operator norm continuity of linear operators Sequences of continuous functions: Bernstein and Weierstrass approximation theorems Infinite series: Convergence and absolute convergence, convergence tests Series of functions. Power series, Fourier series",MATH 2106,['MATH 2106'],[],"At the level of Elements of Real Analysis, Bartle (Sections 1-12, 14-18, 20-26, 34-38)

or Introduction to Analysis, Rosenlicht (Chapters 1, 2, 3, 4, Sections 7.2, 7.3)",[],https://math.gatech.edu/courses/math/4317
4318,,MATH,3,0.0,0.0,3.0,"Spring only starting Spring 2020Differentiation of functions of one real variable, Riemann-Stieltjes integral, the derivative in R^n and integration in R^n
Prerequisites: MATH 4317
Course Text: Bartle, Elements of Real Analysis
Topic Outline: 
The derivative: mean value theorem, L'Hôpital's rule, Taylor's theorem
The Riemann Stieltjes integral, integration by parts, change of variables","Sets of measure zero, Cantor functions Improper integrals The derivative in Rn: Jacobians, chain rule, implicit and inverse function theorems. Extrema, second derivative tests, Lagrange multipliers Integration in Rn: Mean value theorem, iterated integrals, and change of variables. Sets of measure zero and Sard's theorem",MATH 4317,['MATH 4317'],[],"Bartle, Elements of Real Analysis",[],https://math.gatech.edu/courses/math/4318
4320,,MATH,3,0.0,0.0,3.0,"Every spring and fall semesterTopics from complex function theory, including contour integration and conformal mapping
Prerequisites: MATH 2401 or MATH 24X1 or MATH 2411 or MATH 2551 or MATH 2550 or MATH 2X51
Course Text: At the level of Complex Variables and Applications, Brown & Churchill, 9th edition, McGraw-Hill
Topic Outline: This course is designed to introduce the student to the basic results in complex variable theory, in particular Cauchy's theorem, and to develop the student's facility in the following three areas:

Computing the Laurent or Taylor series expansions associated to a function which is analytic in part of the complex plane, and the determination of the region of convergence of such series
Computing definite integrals by means of the residue calculus
Solving boundary value problems associated to the Laplace operator by means of the conformal transformations associated to analytic functions

Topics to be covered:

Geometry of the complex plane, triangle inequalities, geometric proof of the fundamental theorem of algebra
Analytic functions: Continuity and differentiability, the Cauchy-Riemann equations","Complex functions as maps of the complex plane into itself Elementary analytic functions, including the logarithm, and its principle branch, log (z) Line integrals, the Cauchy integral formula and the Cauchy-Goursat theorem. (Proof of the Cauchy formula to be based on Green's theorem.) Morera's theorem, etc. Series: Taylor and Laurent expansions Residue calculus for definite integrals Harmonic functions and analytic functions: conjugate harmonics, conformal invariance of Laplace's equation in the plane, the Cauchy-Riemann equations and conformal maps Poisson kernel derived from Cauchy's formula; solution of boundary value problems for Laplace's equation by conformal mapping, selected applications",MATH 2401 or MATH 24X1 or MATH 2411 or MATH 2551 or MATH 2550 or MATH 2X51,[],"['MATH 2401', 'MATH 2411', 'MATH 2551', 'MATH 2550']","At the level of Complex Variables and Applications, Brown & Churchill, 9th edition, McGraw-Hill",[],https://math.gatech.edu/courses/math/4320
4347,,MATH,3,0.0,0.0,3.0,"Every fall semesterMethod of characteristics for first and second order partial differential equations, conservation laws and shocks, classification of second order systems and applications",,(MATH 2403 or MATH 2413 or MATH 24X3 or MATH 2552 or MATH 2562 or MATH 2X52) and (MATH 2550 or MATH 2551 or MATH 2X51 or MATH 2561),[],"['MATH 2403', 'MATH 2413', 'MATH 2552', 'MATH 2562', 'MATH 2550', 'MATH 2551', 'MATH 2561']","At the level of Partial Differential Equations, Fritz John",[],https://math.gatech.edu/courses/math/4347
4348,,MATH,3,0.0,0.0,3.0,Not currently offeredGreen's functions and fundamental solutions,"Potential, diffusion and wave equations.",MATH 4347,['MATH 4347'],[],"At the level of Introduction to Partial Differential Equations with Applications, Zachmanouglou & Toe, Dover Publications",[],https://math.gatech.edu/courses/math/4348
4431,,MATH,3,0.0,0.0,3.0,"Every fall semesterPoint set topology, topological spaces and metric spaces, continuity and compactness, homotopy and covering spaces
Prerequisites: MATH 4317
Course Text: At the level of Introduction to General Topology, by George L",Cain Topic Outline: Set Theory Pseudometric spaces Topological spaces Continuous functions Connected spaces Compact spaces Product spaces Sequences Complete pseudometric spaces Euclidean spaces Quotient spaces Hyperspaces and multifunctions Other topics of interest,MATH 4317,['MATH 4317'],[],"At the level of Introduction to General Topology, by George L. Cain",[],https://math.gatech.edu/courses/math/4431
4432,,MATH,3,0.0,0.0,3.0,Every odd spring semesterIntroduction to algebraic methods in topology,"Includes homotopy, the fundamental group, covering spaces, simplicial complexes. Applications to fixed point theory and group theory.",MATH 4317,['MATH 4317'],[],"At the level of Algebraic Topology: An Introduction, by William S. Massey",[],https://math.gatech.edu/courses/math/4432
4441,,MATH,3,0.0,0.0,3.0,"Every fall semesterThe theory of curves, surfaces, and more generally, manifolds","Curvature, parallel transport, covariant differentiation, Gauss-Bonet theorem",MATH 2401 or MATH 2411 or MATH 24X1 or MATH 2551 or MATH 2561 or MATH 2X51,[],"['MATH 2401', 'MATH 2411', 'MATH 2551', 'MATH 2561']",No text,[],https://math.gatech.edu/courses/math/4441
4541,,MATH,3,0.0,0.0,3.0,Every fall semesterA broad introduction to the local and global behavior of nonlinear dynamical systems arising from maps and ordinary differential equations,,(MATH 2403 or MATH 2413 or MATH 24X3 or MATH 2552 or MATH 2562 or MATH 2X52) and (MATH 1522 or MATH 1553 or MATH 1554 or MATH 1564 or MATH 1502 or MATH 1512),[],"['MATH 2403', 'MATH 2413', 'MATH 2552', 'MATH 2562', 'MATH 1522', 'MATH 1553', 'MATH 1554', 'MATH 1564', 'MATH 1502', 'MATH 1512']","At the level of Differential Equations, Dynamical Systems, and an Introduction to Chaos by Hirsch, Smale, and Devaney, 3rd edition",[],https://math.gatech.edu/courses/math/4541
4542,,MATH,3,0.0,0.0,3.0,"Not currently offeredA continuation of Dynamics and Bifurcations I
Prerequisites: MATH 4541
Course Text: At the level of Dynamics and Bifurcations, Hale
Topic Outline: 
Global Bifurcations
Planar Maps
Hyperbolic Symbolic Dynamics
Chaos
Lyapunov Exponents
Ergodicity
Statistics of Dynamical Systems",,MATH 4541,['MATH 4541'],[],"At the level of Dynamics and Bifurcations, Hale",[],https://math.gatech.edu/courses/math/4542
4580,,MATH,3,0.0,0.0,3.0,"Every odd springA study of the linear programming problem, including the simplex method, duality, and sensitivity analysis with applications to matrix games, integer programming and networks",,MATH 1552 or MATH 1X52 + (MATH 1553 or MATH 1554 or MATH 1564),[],"['MATH 1552', 'MATH 1553', 'MATH 1554', 'MATH 1564']","At the level of Linear Programming, V. Chvatal",[],https://math.gatech.edu/courses/math/4580
4581,,MATH,3,0.0,0.0,3.0,"Every semesterFourier series, Fourier integrals, boundary value problems for partial differential equations, eigenvalue problems
Prerequisites: MATH 2403 or MATH 2413 or MATH 24X3 or MATH 2552 or MATH 2562 or or MATH 2X52
Course Text: At the level of Boundary Value Problems and Partial Differential Equations, 6th Edition, David L","Powers Topic Outline: Fourier series Fourier integrals Boundary value problems of PDEs Separation of variables Eigenvalue problems, Eigenfunctions Heat equation (temperature) Wave equation (vibrating string) Potential equation 2-D & 3-D problems Laplace transform and its applications to PDEs",MATH 2403 or MATH 2413 or MATH 24X3 or MATH 2552 or MATH 2562 or or MATH 2X52,[],"['MATH 2403', 'MATH 2413', 'MATH 2552', 'MATH 2562']","At the level of Boundary Value Problems and Partial Differential Equations, 6th Edition, David L. Powers",[],https://math.gatech.edu/courses/math/4581
4640,,MATH,3,0.0,0.0,3.0,Every spring (MATH) and fall (CS)Introduction to numerical algorithms for some basic problems in computational mathematics,Discussion of both implementation issues and error analysis. Crosslisted with CX 4640 (formerly CS 4642).,MATH 2403 or MATH 2413 or MATH 24X3 or MATH 2552 or MATH 2562 or MATH 2X52 or MATH 2603,[],"['MATH 2403', 'MATH 2413', 'MATH 2552', 'MATH 2562', 'MATH 2603']","At the level of Atkinson, An Introduction to Numerical Analysis",[],https://math.gatech.edu/courses/math/4640
4641,,MATH,3,0.0,0.0,3.0,Not currently offeredIntroduction to the numerical solution of initial and boundary value problems in differential equations,,MATH 4640,['MATH 4640'],[],No text,[],https://math.gatech.edu/courses/math/4641
4755,,MATH,3,0.0,0.0,3.0,Every odd spring semesterProblems from the life sciences and the mathematical methods for solving them are presented,The underlying biological and mathematical principles and the interrelationships are emphasized.,MATH 1502 OR MATH 1512 OR MATH 1555 OR MATH 1504 ((MATH 1552 OR MATH 15X2 OR MATH 1X52) AND (MATH 1522 OR MATH 1553 OR MATH 1554 OR MATH 1564 OR MATH 1X53)),[],"['MATH 1502', 'MATH 1512', 'MATH 1555', 'MATH 1504', 'MATH 1552', 'MATH 1522', 'MATH 1553', 'MATH 1554', 'MATH 1564']",No text,[],https://math.gatech.edu/courses/math/4755
4777,,MATH,3,0.0,0.0,3.0,Not currently offeredScientific computational algorithms on vector and parallel computers,"Speedup, algorithm complexity, interprocesses communication, synchronization, modern algorithms for linear systems, programming techniques, code optimization.",MATH 1502 OR MATH 1512 OR MATH 1555 OR MATH 1504 ((MATH 1552 OR MATH 15X2 OR MATH 1X52) AND (MATH 1522 OR MATH 1553 OR MATH 1554 OR MATH 1564 OR MATH 1X53)),[],"['MATH 1502', 'MATH 1512', 'MATH 1555', 'MATH 1504', 'MATH 1552', 'MATH 1522', 'MATH 1553', 'MATH 1554', 'MATH 1564']",No text,[],https://math.gatech.edu/courses/math/4777
4782,,MATH,3,0.0,0.0,3.0,"Fall semester (taught by Physics)Introduction to quantum computing and quantum information theory, formalism of quantum mechanics, quantum gates, algorithms, measurements, coding, and information",Physical realizations and experiments. Crosslisted with PHYS 4782,MATH 2401 or MATH 2411 or MATH 24X1 or MATH 2551 or MATH 2561 or MATH 2X51.,[],"['MATH 2401', 'MATH 2411', 'MATH 2551', 'MATH 2561']","At the level of Quantum Computation and Quantum Information, Nielsen and Chuang, Cambridge Univ Press",[],https://math.gatech.edu/courses/math/4782
4802,,MATH,2,0.0,0.0,2.0,Every FallPass/Fail basis,"This course is intended to teach general mathematical problem solving skills, and to prepare students to take the Putnam Examination.",None,[],[],No text,[],https://math.gatech.edu/courses/math/4802
4873,,MATH,2,1.0,0.0,3.0,"Not typically scheduledThis is a 2 week intense course, with lectures in the morning and computational lab in the afternoon","Students will be asked to have a laptop with Matlab on it. The course will meet in the mornings for lecture, break for lunch, and reconvene for the lab in the afternoons.","Rudiments of Matlab. 
Undergraduate ODE course like Math 2552.",[],[],No prescribed textbook.,[],https://math.gatech.edu/courses/math/4873
6001,,MATH,2,0.0,0.0,2.0,Every Fall SemesterThis course includes topics on professional development and responsible conduct of research,The course satisfies the GT RCR Academic Policy for Doctoral Students to complete in-person RCR training.,None,[],[],"Krantz, Steven G., A mathematician's survival guide: Graduate school and early career development, American Mathematical Society, Providence, RI, 2003, pp. xvi+222, ISBN: 0-8218-3455-X.",[],https://math.gatech.edu/courses/math/6001
6014,,MATH,3,0.0,0.0,3.0,"Every fall semesterFundamentals, connectivity, matchings, colorings, extremal problems, Ramsey theory, planar graphs, perfect graphs",Applications to operations research and the design of efficient algorithms.,MATH 4022,['MATH 4022'],[],"Text at the level of Diestel, Graph Theory",[],https://math.gatech.edu/courses/math/6014
6112,,MATH,3,0.0,0.0,3.0,Every FallAn advanced course in Linear Algebra and applications,,"Undergraduate linear algebra at the level of MATH 4305, and ability to write rigorous proofs at the level of MATH 2106.","['MATH 4305', 'MATH 2106']",[],"Material will be selected from the following books, and supplemented by classnotes as needed. Books: ""Matrix Analysis"" and ""Topics in Matrix Analysis"" by Horn & Johnson, ""Advanced Linear Algebra"" by Roman,  ""Linear Algebra and its applications"" by Lax.","['Characteristic and minimal polynomial. Eigenvalues, field of values.', 'Similarity transformations: Diagonalization and Jordan forms over arbitrary fields. Schur form and spectral theorem for normal matrices. Quadratic forms and Hermitian matrices: variational characterization of the eigenvalues, inertia theorems.', 'Singular value decomposition, generalized inverse, projections, and applications.', 'Positive matrices, Perron-Frobenius theorem. Markov chains and stochastic matrices. M-matrices.', 'Structured matrices (Toeplitz, Hankel, Hessenberg). Matrices and optimization (e.g., linear complementarity problem, conjugate gradient).', 'Other topics and applications depending on the interest of the instructor. Examples are Krylov subspaces, tensor and multilinear algebra, integer matrices, Schur complement, matrix equations and inequalities, polar factorization and proper orthogonal decomposition, search algorithms, applications to signal and image processing, matrices depending on parameters, eigenvalues and singular value inequalities, functions of matrices, etc.']",https://math.gatech.edu/courses/math/6112
6121,,MATH,3,0.0,0.0,3.0,"Every fall semesterGraduate level linear and abstract algebra including groups, rings, modules, and fields",(1st of two courses),"MATH 4107 and one of MATH 2406, MATH 4305, or permission of instructor",['MATH 4107'],"['MATH 2406', 'MATH 4305']",Text at the level of Abstract Algebra by Dummit and Foote.,"[""Groups:\xa0Basic facts about groups, including cyclic, dihedral, symmetric, and linear (matrix) groups; homomorphisms; cosets and quotients; normal subgroups; mapping properties and isomorphism theorems; group actions; applications of group actions to geometric and combinatorial symmetry (e.g. symmetries of regular polyhedra, Polya enumeration, and Burnside's formula); the class equation; the Sylow theorems; simple groups and composition series; the structure theorem for finitely generated abelian groups."", ""Rings:\xa0(By a ring we mean a commutative ring with identity.) Definitions; homomorphisms; ideals; quotients; mapping properties and isomorphism theorems; polynomial rings; integral domains; fraction fields; prime and maximal ideals; Euclidean domains; unique factorization domains; principal ideal domains; Gauss's lemma; irreducibility criteria; the Chinese remainder theorem."", 'Modules:\xa0Definitions and examples; homomorphisms and quotients; generation, freeness, and finiteness properties;\xa0the structure theorem for modules over a principal ideal domain.', 'Fields:\xa0Characteristic; prime fields; field extensions; algebraic vs. transcendental extensions; splitting fields; basic properties of finite fields; algebraic closure.', 'Galois Theory:\xa0Definitions; the fundamental theorem of Galois theory; examples, including quadratic, cubic, cyclotomic, and finite fields; the primitive element theorem.']",https://math.gatech.edu/courses/math/6121
6122,,MATH,3,0.0,0.0,3.0,"Every spring semesterGraduate level linear and abstract algebra including rings, fields, modules, some algebraic number theory and Galois theory",(2nd of two courses),MATH 6121,['MATH 6121'],[],"Text at the level of Abstract Algebra, by Dummitt & Foote, 3rd edition, Wiley",[],https://math.gatech.edu/courses/math/6122
6221,,MATH,3,0.0,0.0,3.0,"Fall starting Fall 21Classical introduction to probability theory including expectation, notions of convergence, laws of large numbers, independence, large deviations, conditional expectation, martingales, and Markov chains","The three course series MATH 6579, 6580, and 6221 is designed to provide a high level mathematical background for engineers and scientists. Note that MATH 6221 is not equivalent to MATH 6421, and does not provide any credit towards completion of that course.",MATH 6579 or consent of the school.,['MATH 6579'],[],"At the level of Grimmett and Stirzaker, Probability and Random Processes",[],https://math.gatech.edu/courses/math/6221
6235,,MATH,3,0.0,0.0,3.0,Not regularly scheduled (QCF supported)This is the second of a two-semester sequence that develops basic probability concepts and models for working with financial markets and derivative securities,Continuous-time parameter stochastic processes are emphasized in this course. Mathematical concepts are introduced as needed.,"MATH 2403, MATH 6759","['MATH 2403', 'MATH 6759']",[],No text,[],https://math.gatech.edu/courses/math/6235
6241,,MATH,3,0.0,0.0,3.0,Every fall semesterDevelops the probability basis requisite in modern statistical theories and stochastic processes,"Topics of this course include measure and integration foundations of probability, distribution functions, convergence concepts, laws of large numbers and central limit theory. (1st of two courses)",MATH 6337 or equivalent,[],['MATH 6337'],At the level of Billingsley:  Probability and Measure.,[],https://math.gatech.edu/courses/math/6241
6242,,MATH,3,0.0,0.0,3.0,Every spring semesterDevelops the probability basis requisite in modern statistical theories and stochastic processes,(2nd of two courses),MATH 6241 or equivalent,[],['MATH 6241'],At the level of Billingsley:  Probability and Measure,[],https://math.gatech.edu/courses/math/6242
6262,,MATH,3,0.0,0.0,3.0,"Every spring semesterBasic theories of statistical estimation, including optimal estimation in finite samples and asymptotically optimal estimation",A careful mathematical treatment of the primary techniques of estimation utilized by statisticians.,"MATH 4261, MATH 4262 or equivalent and MATH 6241",['MATH 6241'],"['MATH 4261', 'MATH 4262']","At the level of Lehmann, Theory of Point Estimation",[],https://math.gatech.edu/courses/math/6262
6263,,MATH,3,0.0,0.0,3.0,"Every fall semesterBasic theories of testing statistical hypotheses, including a thorough treatment of testing in exponential class families",A careful mathematical treatment of the primary techniques of hypothesis testing utilized by statisticians.,"MATH 4261, MATH 4262 or equivalent, MATH 6241 and MATH 6262",['MATH 6262'],"['MATH 4261', 'MATH 4262', 'MATH 6241']","At the level of Lehmann & Romano, Testing Statistical Hypotheses, 3rd edition, Springer-Verlag",[],https://math.gatech.edu/courses/math/6263
6266,,MATH,3,0.0,0.0,3.0,"Every fall semesterBasic unifying theory underlying techniques of regression, analysis of variance and covariance, from a geometric point of view",Modern computational capabilities are exploited fully. Students apply the theory to real data through canned and coded programs.,MATH 3215 or equivalent,['MATH 3215'],[],"At the level of Graybill, Theory and Application of the Linear Model",[],https://math.gatech.edu/courses/math/6266
6267,,MATH,3,0.0,0.0,3.0,"Every even spring semesterMultivariate normal distribution theory, correlation and dependence analysis, regression and prediction, dimension-reduction methods, sampling distributions and related inference problems, selected applications in classification theory, multivariate process control, and pattern recognition",,"MATH 4261, MATH 4262 or equivalent and MATH 6241",['MATH 6241'],"['MATH 4261', 'MATH 4262']","At the level of Anderson, An Introduction to Multivariate Statistical Analysis, and Tong, The Multivariate Normal Distribution",[],https://math.gatech.edu/courses/math/6267
6307,,MATH,3,0.0,0.0,3.0,Every fall semesterThis sequence develops the qualitative theory for systems of ordinary differential equations,"Topics include stability, Lyapunov functions, Floquet theory, attractors, invariant manifolds, bifurcation theory, normal forms. (1st of two courses)",MATH 4541 and MATH 4542 or permission of the instructor,[],"['MATH 4541', 'MATH 4542']",No text,[],https://math.gatech.edu/courses/math/6307
6308,,MATH,3,0.0,0.0,3.0,Usually every spring semesterThis sequence develops the qualitative theory for systems of differential equations,"Topics include stability, Lyapunov functions, Floquet theory, attractors, invariant manifolds, bifurcation theory, and normal forms. (2nd of two courses)",MATH 6307,['MATH 6307'],[],No text,[],https://math.gatech.edu/courses/math/6308
6321,,MATH,3,0.0,0.0,3.0,"Every spring semesterComplex integration, including Goursat's theorem; classification of singularities, the argument principle, the maximum principle; Riemann Mapping theorem; analytic continuation and Riemann surfaces; range of an analytic function, including Picard's theorem",,MATH 4317 and MATH 4320 or equivalent,['MATH 4317'],['MATH 4320'],"At the level of Conway, Functions of One Complex Variable",[],https://math.gatech.edu/courses/math/6321
6337,,MATH,3,0.0,0.0,3.0,"Every fall semesterLebesgue measure and integration, differentiation, abstract measure theory",This course is equivalent to MATH 6579. Students should not be able to obtain credit for both MATH 6579 and MATH 6337.,MATH 4317 or consent of the School,['MATH 4317'],[],"At the level of Heil, “Introduction to Real Analysis” or Wheeden and Zygmund, “Measure and Integral.”",[],https://math.gatech.edu/courses/math/6337
6338,,MATH,3,0.0,0.0,3.0,Every spring semesterThis course is a continuation of MATH 6337,"It covers L^p and Hilbert spaces, and an introduction to operator theory and functional analysis. This course is equivalent to MATH 6580. Students should not be able to obtain credit for both MATH 6580 and MATH 6338.",Math 6337 or consent of the school,[],[],"At the level of Conway, “A Course in Functional Analysis,” 2nd edition, or Heil lecture notes, “Operator Theory and Functional Analysis”.",[],https://math.gatech.edu/courses/math/6338
6341,,MATH,3,0.0,0.0,3.0,Every fall semesterIntroduction to the mathematical theory of partial differential equations covering the basic linear models of science and exact solution techniques,,MATH 4318,['MATH 4318'],[],No text,[],https://math.gatech.edu/courses/math/6341
6342,,MATH,3,0.0,0.0,3.0,Usually every spring semesterThis course covers the general mathematical theory of linear stationary and evolution problems plus selected topics chosen on the instructor's interests,,MATH 6341,['MATH 6341'],[],"At the level of Partial Differential Equations, Evans, Vol. 19, AMS/Providence",[],https://math.gatech.edu/courses/math/6342
6421,,MATH,3,0.0,0.0,3.0,"Every odd fallThe study of zero sets of polynomials: algebraic varieties, regular and rational map, and the Zariski topology",,MATH 4107 or equivalent,[],['MATH 4107'],No text,[],https://math.gatech.edu/courses/math/6421
6422,,MATH,3,0.0,0.0,3.0,Every even springContinuation of MATH 6421,,MATH 6421,['MATH 6421'],[],No text,[],https://math.gatech.edu/courses/math/6422
6441,,MATH,3,0.0,0.0,3.0,"Every Spring SemesterThe fundamental group, covering spaces, core topics in homology and cohomology theory including CW complexes, universal coefficients, and Poincare duality",,"MATH 4107 and MATH 4431, or permission of the instructor.",['MATH 4107'],['MATH 4431'],"At the level of Hatcher, Algebraic Topology","['Singular homology and chain complexes', 'Homological algebra, universal coefficients', 'CW complexes', 'Singular cohomology', 'Products and Duality on manifolds', 'The fundamental group and Van Kampen’s theorem.', 'Covering space and connections with the fundamental group.']",https://math.gatech.edu/courses/math/6441
6442,,MATH,3,0.0,0.0,3.0,No regular scheduleAdvanced topics from algebraic topology,,MATH 6441 or equivalent or consent of instructor,[],['MATH 6441'],No text,"['Classification of vector bundles, K-theory', 'Cobordism theory and the h-cobordism theorem', 'Spectral sequences', 'Cohomology operations', 'Homotopy groups of spheres']",https://math.gatech.edu/courses/math/6442
6451,,MATH,3,0.0,0.0,3.0,no regular scheduleIntroduction to topological and metric spaces,"Continuity, compactness, convergence, completion. Product and quotient spaces. Elementary homotopy.",MATH 4317 or MATH 4431,[],"['MATH 4317', 'MATH 4431']",No text,[],https://math.gatech.edu/courses/math/6451
6452,,MATH,3,0.0,0.0,3.0,Every Fall SemesterThe differential topology of smooth manifolds,,MATH 4431,['MATH 4431'],[],"At the level of A Comprehensive Introduction to Differential Geometry, Vol. 1, Spivak or Differential Topology Guillemin and Pollack",[],https://math.gatech.edu/courses/math/6452
6453,,MATH,3,0.0,0.0,3.0,"No regular scheduleContinuation of MATH 6452, complementary to MATH 6441, MATH 6442, MATH 6455, MATH 6456, MATH 6421, MATH 6422",,MATH 6425 or MATH 6441 or MATH 6455,[],"['MATH 6425', 'MATH 6441', 'MATH 6455']",No text,[],https://math.gatech.edu/courses/math/6453
6455,,MATH,3,0.0,0.0,3.0,"Every Spring SemesterCore topics in differential and Riemannian geometry including Lie groups, curvature, relations with topology",,MATH 4441 or MATH 6452 or permission of the instructor.,[],"['MATH 4441', 'MATH 6452']",Text at the level of Riemannian Geometry of do Carmo's or Gallot-Hulin-Lafontaine.,"['Riemannian metrics and geodesics', 'Examples of Riemannian manifolds (submanifolds, submersions, warped products, homogeneous spaces, Lie groups)', 'Covariant derivative, parallel transport', 'Geodesics, exponential map, Hopf-Rinow', 'Curvature tensor, Ricci, sectional, mean, scalar curvatures, spaces of constant curvature, curvature computaions for examples listed in 2).', '1st and 2nd variation formulas, Jacobi fields, Rauch and Ricatti comparison, and applications such as Myers and Cartan-Hadamard theorems', 'Selections from more advanced topics such as: volume comparision and Ricci curvature, minimal surfaces, spectral geometry, Hodge theory, symmetric spaces and holonomy, comparison geometry and Lorentz geometry']",https://math.gatech.edu/courses/math/6455
6514,,MATH,3,0.0,0.0,3.0,Every fall semesterApplied mathematics techniques to solve real-world problems,"Topics include mathematical modeling, asymptotic analysis, differential equations and scientific computation. Prepares the student for MATH 6515. (1st of two courses)","MATH 2403 or MATH 2602, MATH 4640",[],"['MATH 2403', 'MATH 2602', 'MATH 4640']",No text,[],https://math.gatech.edu/courses/math/6514
6579,,MATH,3,0.0,0.0,3.0,Even Fall SemestersAn introduction to measure theory and Lebesgue integration with a focus on topics that tend to be of the most utility in science and engineering,"The three course series MATH 6579, 6580, and 6221 is designed to provide a high level mathematical background for engineers and scientists. This course is equivalent to MATH 6337. Students should not be able to obtain credit for both MATH 6579 and MATH 6337.",MATH 4317.,['MATH 4317'],[],"At the level of Bartle, “The Elements of Integration and Lebesgue Measure”, or Heil lecture notes, “Real Analysis for Engineers”.",[],https://math.gatech.edu/courses/math/6579
6580,,MATH,3,0.0,0.0,3.0,"Every odd fall semester (starting 2023)Geometry, convergence, and structure of linear operators in infinite dimensional spaces","Applications to science and engineering, including integral equations and ordinary and partial differential equations. The three course series MATH 6579, 6580, and 6221 is designed to provide a high level mathematical background for engineers and scientists. This course is equivalent to MATH 6338. Students should not be able to obtain credit for both MATH 6580 and MATH 6338.",MATH 4317,['MATH 4317'],[],"At the level of Debnath and Mikusi´nski, “Introduction to Hilbert Spaces with Applications, Second Edition.""",[],https://math.gatech.edu/courses/math/6580
6583,,MATH,3,0.0,0.0,3.0,"Not currently offeredVolterra and Fredholm linear integral equations, relation to differential equations, solution methods, Fourier, Laplace and Mellin transforms, applications to boundary value problems and integral equations",,MATH 6701 or MATH 2403 and one of MATH 2406 or MATH 4305,[],"['MATH 6701', 'MATH 2403', 'MATH 2406', 'MATH 4305']",No text,[],https://math.gatech.edu/courses/math/6583
6635,,MATH,3,0.0,0.0,3.0,Every spring semesterThis course contains the basic numerical and simulation techniques for the pricing of derivative securities,,"MATH 2403 and MATH 3215 (or the equivalent), knowledge of computer programming, and MS QCF standing or some previous exposure to the topics of stocks, bonds and options.","['MATH 2403', 'MATH 3215']",[],"Text at the level of The Mathematics of Financial Derivatives: A Student Introduction by P. Wilmott, S. Howison and J. Dewynne, published by Cambridge University Press",[],https://math.gatech.edu/courses/math/6635
6640,,MATH,3,0.0,0.0,3.0,Every fall semesterIntroduction to the implementation and analysis of numerical algorithms for the numerical solution of the classic partial differential equations of science and engineering,,MATH 4347 and MATH 4640,"['MATH 4347', 'MATH 4640']",[],No text,[],https://math.gatech.edu/courses/math/6640
6641,,MATH,3,0.0,0.0,3.0,"Every even springAnalysis and implementation of numerical methods for nonlinear partial differential equations including elliptic, hyperbolic, and/or parabolic problems",,MATH 6640,['MATH 6640'],[],No text,[],https://math.gatech.edu/courses/math/6641
6643,,MATH,3,0.0,0.0,3.0,"Every fall (MATH) and spring (CSE)Introduction to the numerical solution of the classic problems of linear algebra including linear systems, least squares, SVD, eigenvalue problems",Crosslisted with CSE 6643.,MATH 2406 or MATH 4305 or consent of School,[],"['MATH 2406', 'MATH 4305']","Numerical Linear Algebra with Julia by Eric Darve, Mary Wootters
ISBN: 9781611976540
SIAM",[],https://math.gatech.edu/courses/math/6643
6644,,MATH,3,0.0,0.0,3.0,"Every spring (MATH) and fall (CSE)Iterative methods for linear and nonlinear systems of equations including Jacobi, G-S, SOR, CG, multigrid, fixed point methods, Newton quasi-Newton, updating, gradient methods",Crosslisted with CSE 6644.,MATH 2406 or MATH 4305 or consent of School,[],"['MATH 2406', 'MATH 4305']","Iterative Methods for Linear and Nonlinear Equations by C.T. Kelley - ISBN 978-0898713527 (SIAM)
Iterative Methods for Solving Linear Systems by Anne Greenbaum - ISBN 978-0898713961 (SIAM)",[],https://math.gatech.edu/courses/math/6644
6645,,MATH,3,0.0,0.0,3.0,"Every odd springTheoretical and computational aspects of polynomial, rational, trigonometric, spline and wavelet approximation",,MATH 4317 and MATH 4640,"['MATH 4317', 'MATH 4640']",[],No text,[],https://math.gatech.edu/courses/math/6645
6646,,MATH,3,0.0,0.0,3.0,Every even spring semesterAnalysis and implementation of numerical methods for initial and two point boundary value problems for ordinary differential equations,,MATH 2403 and MATH 4640,"['MATH 2403', 'MATH 4640']",[],No text,[],https://math.gatech.edu/courses/math/6646
6647,,MATH,3,0.0,0.0,3.0,Every odd spring semesterApproximation of the dynamical structure of a differential equation and preservation of dynamical structure under discretization,,MATH 4640 and MATH 4641,"['MATH 4640', 'MATH 4641']",[],No text,[],https://math.gatech.edu/courses/math/6647
6701,,MATH,3,0.0,0.0,3.0,"Every summer and fall semestersReview of linear algebra and ordinary differential equations, brief introduction to functions of a complex variable",,"MATH 3406 or MATH 4305, and MATH 2552",['MATH 2552'],"['MATH 3406', 'MATH 4305']",No text,[],https://math.gatech.edu/courses/math/6701
6702,,MATH,3,0.0,0.0,3.0,Every spring semesterReview of vector calculus and and its application to partial differential equations,,"MATH 6701, or MATH 2403 and one of MATH 2406, MATH 4305",[],"['MATH 6701', 'MATH 2403', 'MATH 2406', 'MATH 4305']",No text,[],https://math.gatech.edu/courses/math/6702
6705,,MATH,3,0.0,0.0,3.0,Usually Every fall semesterMathematical methods for solving problems in the life sciences,"Models-based course on basic facts from the theory of ordinary differential equations and numerical methods of their solution. Introduction to the control theory, diffusion theory, maximization, minimization and curve fitting.","RESTRICTED to biology, bioinformatics, biomedical engineering, bioengineering, and chemistry students. Graduate students in other majors cannot take this course. Math majors may not use this course toward any degree in the School of Mathematics.",[],[],No text,[],https://math.gatech.edu/courses/math/6705
6759,,MATH,3,0.0,0.0,3.0,"Every fall semester (ISyE)Mathematical modeling of financial markets, derivative securities pricing, and portfolio optimization",Concepts from probability and mathematics are introduced as needed. Crosslisted with ISYE 6759.,MATH 3215 and some knowledge of computer programming,['MATH 3215'],[],"Class notes are used for this course; these notes are at the level of Introduction to Mathematical Finance: Discrete Time Models by S. Pliska, published by Blackwell Publishers",[],https://math.gatech.edu/courses/math/6759
6761,,MATH,3,0.0,0.0,3.0,"Every fall semesterDiscrete time Markov chains, Poisson processes and renewal processes","Transient and limiting behavior. Average cost and utility measures of systems. Algorithm for computing performance measures. Modeling of inventories, and flows in manufacturing and computer networks. (Also listed as ISyE 6761)",MATH 3215 or equivalent,[],['MATH 3215'],"At the level of Kulkarni, Modeling and Analysis of Stochastic Systems",[],https://math.gatech.edu/courses/math/6761
6762,,MATH,3,0.0,0.0,3.0,Every spring semesterContinuous time Markov chains,"Uniformization, transient and limiting behavior. Brownian motion and martingales. Optional sampling and convergence. Modeling of inventories, finance, flows in manufacturing and computer networks. (Also listed as ISyE 6762)",MATH 6761,['MATH 6761'],[],"At the level of Kulkarni, Modeling and Analysis of Stochastic Systems, and Karlin and Taylor, A First Course in Stochastic Processes",[],https://math.gatech.edu/courses/math/6762
6767,,MATH,3,0.0,0.0,3.0,"Every fall semesterIntroduction to large scale-system design to support computational finance for options, stocks, or other instruments",,MATH XXXX,[],[],No text,[],https://math.gatech.edu/courses/math/6767
6769,,MATH,3,0.0,0.0,3.0,"Every spring semesterDescription, institutional features, and mathematical modeling of fixed income securities",Use of both deterministic and stochastic models. Crosslisted with ISYE 6769.,MATH 3215 and (MGT 6060 or MGT 6078),['MATH 3215'],"['MGT 6060', 'MGT 6078']",No text,[],https://math.gatech.edu/courses/math/6769
6783,,MATH,3,0.0,0.0,3.0,Usually every spring semesterFundamentals of statistical inference are presented and developed for models used in the modern analysis of financial data,Techniques are motivated by examples and developed in the context of applications. Crosslisted with ISYE 6783.,"MATH 3215 (or equivalent), some knowledge of programming, and MS QCF standing or some previous exposure to the topics of stocks, bonds and options",['MATH 3215'],[],No text,[],https://math.gatech.edu/courses/math/6783
6785,,MATH,3,0.0,0.0,3.0,"Every fall semesterCase studies, visiting lecturers from financial institutions, student group projects of an advanced nature, and student reports, all centered around quantitative and computational finance",Crosslisted with ISYE and MGT 6785.,MS QCF major or consent of the instructor,[],[],No text,[],https://math.gatech.edu/courses/math/6785
7012,,MATH,3,0.0,0.0,3.0,"Usually every odd FallFundamental methods of enumeration and asymptotic analysis, including the use of inclusion/exclusion, generating functions, and recurrence relations",Applications to strings over a finite alphabet and graphs.,MATH 4032 or permission of instructor,[],['MATH 4032'],No text,[],https://math.gatech.edu/courses/math/7012
7014,,MATH,3,0.0,0.0,3.0,Usually every spring semesterSelection of topics vary with each offering,,None,[],[],No text,"[""Matching theory (Edmonds-Gallai decomposition, ear decompositions, the matching lattice, Edmonds matching theorem, Gale-Shapley's theorem and kernel-solvable graphs, T-cuts and T-joins, Chinese postman)"", ""Connectivity (Tutte's synthesis of 3-connected graphs, Seymour's splitter theorem, excluded minor theorems, connectivity and linkages, k-connected subgraphs)"", ""Extremal problems (Szemeredi's regularity lemma and applications, Erdos-Stone theorem, the problem of Zarankiewicz, extremal problems for minors and subivisions, applications in geometry)"", ""Coloring (the Four-Color theorem, equivalent formulations and generalizations, Grotzsch' theorem and extensions, graphs on surfaces, list coloring, fractional and circular chromatic number)"", 'Ramsey theory for graphs', ""Algebraic graph theory (Cayley graphs, the Laplacian, strongly regular graphs, isoperimetric inequalities, Colin de Verdiere's invariant)"", 'Random walks on graphs (electrical networks and random walks, hitting times, conductance and rapid mixing)', 'The Tutte polynomial (special values of the Tutte polynomial, spanning tree expansion, polynomials of knots and links, other graph polynomials)', ""Planar graphs (MacLane's and Whitney's criteria, planarity algorithms, uniqueness and flexibility of planar embeddings, Tutte's hamiltonicity theorem, circumference of planar graphs, separators, wye-delta reductions and applications)"", 'Geometric graph theory (crossing number, Andreev-Koebe-Thurston theorem, string graphs)', 'Perfect graphs (polyhedral aspects, perfect matrices, Shannon capacity, Lovasz theta function, computing the chromatic and clique number of a perfect graph, graph entropy and application to sorting, imperfection ratio and the channel assignment problem)', ""Signed graphs (totally odd K4's, nearly bipartite graphs and odd K5's, Guenin's theorem and Seymour's conjecture)"", 'Graphs on surfaces (representativity, minors and disjoint paths on surfaces,locally planar graphs, planarizing cycles)', 'Tree-width and relatives (tree-decompositions, tree-width, excluding a planar graph, brambles, computing tree-width, algorithms, branch-width, path-width)', 'The graph minor theorem (tree-decompositions, the tangle decomposition, surfaces, vortices, excluding a general graph, application to algorithms and well-quasi-ordering)', 'Directed graphs (packing directed cycles and directed cuts, even cycles, disjoint branchings, orientations, directed minors, tree-width for directed graphs)']",https://math.gatech.edu/courses/math/7014
7016,,MATH,3,0.0,0.0,3.0,"Not currently offeredFundamental combinatorial structures including hypergraphs, transversal sets, colorings, Sperner families, intersecting families, packings and coverings, perfect graphs, and Ramsey theory","Algebraic and topological methods, applications.",MATH 4022 or consent of the School,[],['MATH 4022'],No text,[],https://math.gatech.edu/courses/math/7016
7018,,MATH,3,0.0,0.0,3.0,"Every Spring SemesterApplications of probabilistic techniques in discrete mathematics, including classical ideas using expectation and variance as well as modern tools, such as martingale and correlation inequalities",,MATH 4022 and MATH 6221 or consent of School,['MATH 4022'],['MATH 6221'],"At the level of Alon and Spencer, The Probabilistic Method (with an appendix of problems by Paul Erdos)",[],https://math.gatech.edu/courses/math/7018
7244,,MATH,3,0.0,0.0,3.0,Every fall semesterAn introduction to the Ito stochastic calculus and stochastic differential equations through a development of continuous-time martingales and Markov processes,(1st of two courses in sequence),MATH 6242 or equivalent,[],['MATH 6242'],"At the level of Karatzas and Shreve, Brownian Motion and Stochastic Calculus",[],https://math.gatech.edu/courses/math/7244
7245,,MATH,3,0.0,0.0,3.0,Every spring semesterAn introduction to the Ito stochastic calculus and stochastic differential equations through a development of continuous-time martingales and Markov processes,(2nd of two courses in sequence),MATH 7244 or equivalent,[],['MATH 7244'],"At the level of Karatzas and Shreve, Brownian Motion and Stochastic Calculus",[],https://math.gatech.edu/courses/math/7245
7251,,,3,0.0,0.0,3.0,Every Spring starting Sp 2021The goal of this PhD level graduate course is to provide a rigorous introduction to the methods of high-dimensional probability,,MATH 6241,['MATH 6241'],[],"At the level of R. Vershynin, High-Dimensional Probability. An Introduction with Applications in Data Science, Cambridge University Press, 2018.",[],https://math.gatech.edu/courses/math/7251
7252,,,3,0.0,0.0,3.0,"Starting Fa 21 every FallThe goal of this PhD level graduate course is to provide a rigorous introduction to concepts and methods of high-dimensional statistics 
having numerous applications in machine learning, data science and signal processing",,"MATH 6241, MATH 7251","['MATH 6241', 'MATH 7251']",[],"At the level of books by R. Vershynin, High-Dimensional Probability. An Introduction with Applications in Data Science, Cambridge University Press, 2018 and C. Giraud, Introduction to High-Dimensional Statistics, CRC Press, Taylor &Francis Group, 2015. Some of the topics are based on recent research papers.",[],https://math.gatech.edu/courses/math/7252
7337,,MATH,3,0.0,0.0,3.0,Every fall semesterFourier analysis on the torus and Euclidean space,,MATH 6337 and MATH 6338,"['MATH 6337', 'MATH 6338']",[],"At the level of Katznelson, “An Introduction to Harmonic Analysis” or Muscalu and Schlag, “Classical and Multilinear Harmonic Analysis.”",[],https://math.gatech.edu/courses/math/7337
7338,,MATH,3,0.0,0.0,3.0,"Every fall semesterSpectral theory of bounded and unbounded operators, major theorems of functional analysis, additional topics",,MATH 6338,['MATH 6338'],[],"At the level of Conway: A Course in Functional Analysis, 2nd edition",[],https://math.gatech.edu/courses/math/7338
7339,,MATH,3,0.0,,,,,"MATH 7337
MATH 6337
No prerequisite information available
Recommended: MATH 6241, 6337, or 6307
Math 6321",[],"['MATH 7337', 'MATH 6337', 'MATH 6241']","Olevskii and Ulanovskii, “Functions with Disconnected Spectrum,” Young, “An Introduction to Nonharmonic Fourier Series,” and recent publications in the field.
T. Ransford, “Potential Theory”.
Unavailable
Artstein–Avidan, Giannopoulos, and Milman, “Asymptotic Geometric Analysis”; Ledoux, “The Concentration of Measure Phenomenon”; Bakry, Gentil, and Ledoux; “Analysis and Geometry of Markov Diffusion Operators”; Lieb and Loss, “Analysis.”
Farkas and Kra, “Riemann Surfaces” and and recent publications in the field.","['MATH 7337', 'MATH 6337', 'No prerequisite information available', 'Recommended: MATH 6241, 6337, or 6307', 'Math 6321']",https://math.gatech.edu/courses/math/7339
7510,,MATH,3,0.0,0.0,3.0,"Not regularly scheduledAlgorithms for graph problems such as maximum flow, matching, network reliability, minimum cuts, covering, coloring, planarity, shortest paths, and connectivity",Crosslisted with CS 7510 and ISYE 7510.,CS6505 or CS6550,[],"['CS 6505', 'CS 6550']",No text,[],https://math.gatech.edu/courses/math/7510
7581,,MATH,3,0.0,0.0,3.0,"Every even springMinimization of functionals, Euler Lagrange equations, sufficient conditions for a minimum, geodesic, isoperimetric and time of transit problems, variational principles of mechanics, applications to control theory",,MATH 4317 or equivalent,[],['MATH 4317'],No text,[],https://math.gatech.edu/courses/math/7581
7586,,MATH,3,0.0,0.0,3.0,"no regular scheduleReview of linear algebra, multilinear algebra, algebra of tensors, co- and cotravariant tensors, tensors in Riemann spaces, geometrical interpretation of skew tensors",,MATH 2403 and either MATH 2406 or MATH 4305,['MATH 2403'],"['MATH 2406', 'MATH 4305']",No text,[],https://math.gatech.edu/courses/math/7586
8801,,,1,0.0,0.0,1.0,"Not regularly scheduledSeminar series in which different groups within the College of Sciences will give talks about how their research
relates to data sciences and machine learning",,,[],[],,[],https://math.gatech.edu/courses/math/8801
8803,,MATH,3,0.0,0.0,3.0,"Not typically scheduledPrerequisites: Interest in geometry or its potential applications, together with mathematical maturity at the level of a beginning math grad student","There will be no specific course requirements; however, some familiarity with differential geometry (e.g., Math 6455) or manifold theory (e.g., Math 6452) could be helpful. Advanced undergraduate students with some knowledge of classical differential geometry of curves and surfaces (e.g., Math 4441) may also take this class. Course Text: We will study various handouts, papers, and excerpts from different texts including: — Spivak, A comprehensive Intro. to Diff, Geometry Vol. 5 — Han and Hong, Isometric Embeddings — Eliashberg & Mishachev, Intro to h-Principle — Pak, Lectures on Discrete and Polyhedral Geometry — Convex Polyhedra, Alexandrov — Extrinsic Geometry of Convex Surfaces, Pogorelov — Papers and lecture notes of the instructor Topic Outline: The main aim of this class is to study the isometric rigidity of closed smooth surfaces in Euclidean space, which has been a major open problem in differential geometry dating back to Euler and Maxwell. We will go over a host of related results, relevant techniques, and auxiliary problems ranging from discrete and polyhedral geometry to the theory of partial differential equations. The results we will cover include: — Cauchy’s theorem for rigidity of convex polyhedra — Cohn-Vossen’s generalization of Cauchy’s theorem to smooth surfaces — Alexandrov’s existence theorem for isometric embeddings of convex surfaces — Pogorelov’s uniqueness theorem for convex surfaces — Stoker’s results on rigidity of non convex polyhedra — Isometric embeddings via Gromov’s h-Principle, including Nash’s C^1 embedding theorem — Nirenberg’s problem on rigidity of negatively curved tubes — Yau’s problem on positively curved surfaces with boundary","Interest in geometry or its potential applications, together with mathematical maturity at the level of a beginning math grad student. There will be no specific course requirements; however, some familiarity with differential geometry (e.g., Math 6455) or manifold theory (e.g., Math 6452) could be helpful. Advanced undergraduate students with some knowledge of classical differential geometry of curves and surfaces (e.g., Math 4441) may also take this class.",[],[],"We will study various handouts, papers, and excerpts from different texts including:
 
— Spivak, A comprehensive Intro. to Diff, Geometry Vol. 5
— Han and Hong, Isometric Embeddings
— Eliashberg & Mishachev, Intro to h-Principle
— Pak, Lectures on Discrete and Polyhedral Geometry
— Convex Polyhedra, Alexandrov
— Extrinsic Geometry of Convex Surfaces, Pogorelov
— Papers and lecture notes of the instructor",[],https://math.gatech.edu/courses/math/8803
8873,,MATH,2,1.0,0.0,3.0,"Not typically scheduledThis is a 2 week intense course, with lectures in the morning and computational lab in the afternoon","Students will be asked to have a laptop with Matlab on it. The course will meet in the mornings for lecture, break for lunch, and reconvene for the lab in the afternoons.","Rudiments of Matlab. 
Undergraduate ODE course like Math 2552.",[],[],No prescribed textbook.,[],https://math.gatech.edu/courses/math/8873
